Monday 09 December 2019 17:29,1420.7.1560,release/1420 (commit hash : 0xE4D4BBB3)
Binding,ImageBlocks-dialogs,ImageBlocks-schemas,Master-schemas,Gui-dialogs,TrueTouch,PrintServer,ImageBlocks-unittest
AddTestApiWebPages,0,0,0,0,1,0,0
AlgTest.EfgForegroundRegion,1,1,1,1,0,0,1
AlgTest.MacBethRegionsFromY8Image,1,1,0,1,0,0,1
BindingDumpResultDialog,1,0,0,1,0,0,0
BlockEnvironment.AddString,1,1,1,1,1,1,1
BlockEnvironment.GetString,1,1,1,1,1,1,1
BlockEnvironment.GetStringId,1,1,1,1,1,1,1
BlockEnvironment.RegisterCoroutine,1,1,1,1,0,0,1
CAntiAliasedFontRenderer.ConstCast,1,1,0,1,1,0,1
CAntiAliasedFontRenderer.IsValid,1,1,0,1,1,0,1
CAntiAliasedFontRenderer.New,1,1,0,1,1,0,1
CAsparagusFlower.ConstCast,1,1,1,1,0,0,1
CAsparagusFlower.IsValid,1,1,1,1,0,0,1
CAsparagusFlower.New,1,1,1,1,0,0,1
CBackgroundSeparation.ConstCast,1,1,1,1,0,0,1
CBackgroundSeparation.IsValid,1,1,1,1,0,0,1
CBackgroundSeparation.New,1,1,1,1,0,0,1
CBlockDataObject.ConstCast,1,1,1,1,1,1,1
CBlockDataObject.IsValid,1,1,1,1,1,1,1
CBlockDataObject.New,1,1,1,1,1,1,1
CCameraOffsetCalculator.ConstCast,1,1,1,1,0,0,1
CCameraOffsetCalculator.IsValid,1,1,1,1,0,0,1
CCameraOffsetCalculator.New,1,1,1,1,0,0,1
CDataProvider.ConstCast,1,1,1,1,1,0,1
CDataProvider.Create,1,1,1,1,1,0,1
CDataProvider.Exists,1,1,1,1,1,0,1
CDataProvider.FromFile,1,1,1,1,1,0,1
CDataProvider.IsValid,1,1,1,1,1,0,1
CDataProvider.New,1,1,1,1,1,0,1
CDraw.InvertAlpha,1,1,1,1,1,0,1
CDraw.New,1,1,1,1,1,0,1
CDraw.PremultiplyAlpha,1,1,1,1,1,0,1
CECompressedImage.ConstCast,1,1,1,1,0,0,1
CECompressedImage.IsValid,1,1,1,1,0,0,1
CECompressedImage.New,1,1,1,1,0,0,1
CESpectralMeasurementData.ConstCast,1,1,1,1,0,0,1
CESpectralMeasurementData.IsValid,1,1,1,1,0,0,1
CESpectralMeasurementData.New,1,1,1,1,0,0,1
CETime.CountersToTimeDifference,1,1,1,1,1,1,1
CETime.GetCounter,1,1,1,1,1,1,1
CETime.GetCounterString,1,1,1,1,1,1,1
CETime.GetRunTime,1,1,1,1,1,1,1
CETime.GetSysString,1,1,1,1,1,1,1
CETime.date,1,1,1,1,1,1,1
CEVRIMatrix2D.ConstCast,1,1,1,1,0,0,1
CEVRIMatrix2D.IsValid,1,1,1,1,0,0,1
CEVRIMatrix2D.Minus,1,1,1,1,0,0,1
CEVRIMatrix2D.New,1,1,1,1,0,0,1
CEVRIMatrix2D.Plus,1,1,1,1,0,0,1
CEVRIMatrix2D.Power,1,1,1,1,0,0,1
CEVRIMatrix2D.Rdivide,1,1,1,1,0,0,1
CEVRIMatrix2D.Times,1,1,1,1,0,0,1
CFsObjectsInterface.ConstCast,1,1,0,0,0,0,1
CFsObjectsInterface.IsValid,1,1,0,0,0,0,1
CFsObjectsInterface.New,1,1,0,0,0,0,1
CLinearExtrapolationObject.ConstCast,1,1,1,1,0,0,1
CLinearExtrapolationObject.IsValid,1,1,1,1,0,0,1
CLinearExtrapolationObject.New,1,1,1,1,0,0,1
CLuaDataProvider.New,1,0,0,1,0,0,0
CLuaEfgChainTracer.ConstCast,1,1,1,1,0,0,1
CLuaEfgChainTracer.IsValid,1,1,1,1,0,0,1
CLuaEfgChainTracer.New,1,1,1,1,0,0,1
CMachinePosition.ConstCast,1,1,1,1,0,1,1
CMachinePosition.IsValid,1,1,1,1,0,1,1
CMachinePosition.New,1,1,1,1,0,1,1
CMemPoolAnalysis.ConstCast,1,1,0,0,0,0,1
CMemPoolAnalysis.IsValid,1,1,0,0,0,0,1
CMemPoolAnalysis.New,1,1,0,0,0,0,1
CMemPoolAnalysis.RegisterLayer,1,1,0,0,0,0,1
CMemoryZipFile.GetFileAsStreamFromZip,1,1,1,0,0,0,1
CMemoryZipFile.GetFileListFromZip,1,1,1,0,0,0,1
COrthogonalProjection.ConstCast,1,1,1,1,0,0,1
COrthogonalProjection.IsValid,1,1,1,1,0,0,1
COrthogonalProjection.New,1,1,1,1,0,0,1
CRGB24Spectrum.ConstCast,1,1,1,1,0,0,1
CRGB24Spectrum.IsValid,1,1,1,1,0,0,1
CRGB24Spectrum.New,1,1,1,1,0,0,1
CResourceLocator.Exists,1,1,1,1,1,1,1
CResourceLocator.FindFilesWithExtension,1,1,1,1,1,1,1
CResourceLocator.GetAbsoluteFilename,1,1,1,1,1,1,1
CResourceLocator.GetScriptFile,1,1,1,1,1,1,1
CResourceLocator.GetScriptFolder,1,1,1,1,1,1,1
CResourceLocator.GetWorkingFolder,1,1,1,1,1,1,1
CResourceLocator.Load,1,1,1,1,1,1,1
CResourceLocator.Open,1,1,1,1,1,1,1
CResourceLocator.SetUpdateHandler,1,1,1,1,1,1,1
CScanAreaIntensityCorrectionProcessor.ConstCast,1,1,1,1,0,0,1
CScanAreaIntensityCorrectionProcessor.IsValid,1,1,1,1,0,0,1
CScanAreaIntensityCorrectionProcessor.New,1,1,1,1,0,0,1
CScanAreaPurpose.ConstCast,1,1,1,1,0,0,1
CScanAreaPurpose.IsValid,1,1,1,1,0,0,1
CScanAreaPurpose.New,1,1,0,0,0,0,1
CTec5Spectro.ConstCast,1,1,0,0,0,0,1
CTec5Spectro.IsValid,1,1,0,0,0,0,1
CTec5Spectro.New,1,1,0,0,0,0,1
CTerminal.IsValid,1,1,1,1,0,0,1
CVertexCam.ConstCast,1,1,0,1,0,0,1
CVertexCam.IsValid,1,1,0,1,0,0,1
CVertexCam.New,1,1,0,1,0,0,1
CVertexObject.ConstCast,1,1,0,1,0,0,1
CVertexObject.IsValid,1,1,0,1,0,0,1
CVertexObject.New,1,1,0,1,0,0,1
CWinComPort.ConstCast,1,1,0,0,0,0,1
CWinComPort.IsValid,1,1,0,0,0,0,1
CWinComPort.New,1,1,0,0,0,0,1
CalculateVoiceCodes,0,0,0,0,0,1,0
CreateBixolon,0,0,0,0,0,1,0
CreateCab,0,0,0,0,0,1,0
CreateGlobalsCheck,0,0,0,0,1,0,0
CreateLabelFile,0,0,0,0,0,1,0
CreatePrintServerClient,0,0,0,0,1,0,0
CreateStateMachine,0,0,0,0,1,0,0
CreateSubscribableData,0,0,0,0,1,0,0
CreateTracing,0,0,0,0,0,1,0
CreateTrueTouchServer,0,0,0,0,1,0,0
DC.New,0,0,0,0,1,0,0
Dio.GetInputs,0,0,0,0,1,0,0
Dio.GetVoltages,0,0,0,0,1,0,0
Dio.SetOutputs,0,0,0,0,1,0,0
Drivers.Bixolon.Create,0,0,0,0,0,1,0
Drivers.Cab.Create,0,0,0,0,0,1,0
EAlg.CircularHoughTransform,1,1,1,1,0,0,1
EAlg.HoughTransform,1,1,1,1,0,0,1
EAlg.HoughTransform32,1,1,1,1,0,0,1
EAlg.MaxImagePoint,1,1,1,1,0,0,1
EAlg.MinImagePoint,1,1,1,1,0,0,1
EAlg.PointChainEnclosingCircle,1,1,1,0,0,0,1
EAlg.PointChainInOutRegion,1,1,1,1,0,0,1
EAlg.RegionThinning,1,1,1,0,0,0,1
EAlg.SkeletonDecomposition,1,1,1,0,0,0,1
EAlg.SkeletonFindEndPoints,1,1,1,0,0,0,1
EAlg.SkeletonFindJunctionPoints,1,1,1,0,0,0,1
EAlg.SplitTracer,1,1,1,1,0,0,1
EAnySerializer.FromAnyContentString,1,1,1,1,1,0,1
EAnySerializer.FromString,1,1,1,1,1,0,1
EAnySerializer.FromStringOld,1,1,1,1,1,0,1
EAnySerializer.ToAnyContentString,1,1,1,1,1,0,1
EAnySerializer.ToString,1,1,1,1,1,0,1
EAnySerializer.ToStringOld,1,1,1,1,1,0,1
ECompression.CompressZlib,1,1,0,1,0,0,1
ECompression.UncompressZlib,1,1,0,1,0,0,1
EDEVICE_ID.ConstCast,0,0,1,0,0,0,0
EDEVICE_ID.IsValid,0,0,1,0,0,0,0
EDEVICE_ID.New,0,0,1,0,0,0,0
EDataCrypt.CRC32,1,1,1,1,0,0,1
EDataCrypt.Decrypt,1,1,1,1,0,0,1
EDataCrypt.Encrypt,1,1,1,1,0,0,1
EFile.Dir,0,0,0,0,1,0,0
EFile.Flush,0,0,0,0,1,0,0
EFile.Read,0,0,0,0,1,0,0
EFile.Write,0,0,0,0,1,0,0
EFileWriter.Write,0,0,1,0,0,0,0
ELuaBindings.Checksum,1,1,1,1,1,1,1
ELuaBindings.ContextDump,1,1,1,1,1,1,1
ELuaBindings.CreateNewSharedImageView,1,1,1,1,0,0,1
ELuaBindings.DeclareFields,1,1,1,1,1,0,1
ELuaBindings.GetDeclaredFields,1,1,1,1,1,0,1
ELuaBindings.GetLuaBindings,1,1,1,1,1,1,1
ELuaBindings.OpenTable,1,1,1,1,1,0,1
ELuaBindings.ProtectTable,1,1,1,1,1,0,1
ELuaBindings.Release,1,1,1,1,1,1,1
ELuaBindings.ResetProfileData,1,1,1,1,1,1,1
ELuaBindings.RetrieveProfileData,1,1,1,1,1,1,1
ELuaBindings.Type,1,1,1,1,1,1,1
ELuaBindings.UnprotectTable,1,1,1,1,1,0,1
ELuaBindings.VarDump,1,1,1,1,1,1,1
EMotionEstimation.CalculateBlockDifferenceImage,1,1,0,0,0,0,1
ETcpSocket.New,1,0,0,1,1,1,1
ETimer.GetTick,1,0,0,1,1,1,1
ETimer.GetTimeStampNanoSeconds,1,0,0,1,1,1,1
ETimer.New,1,0,0,1,1,1,1
EUart.New,0,0,0,0,1,0,0
EUdpSocket.New,1,0,0,0,0,0,0
EWeight.Format,0,0,0,0,1,0,0
Echo,0,0,0,0,0,1,0
EnableKeepAlive,0,0,0,0,0,1,0
ExceptionCVRLog,0,1,1,0,0,0,0
ExitPackingClassDialog,0,0,0,0,1,0,0
FS.CreateImageLoader,0,0,0,0,1,0,0
FS.ReadFile,0,0,0,0,1,0,0
FileServer.CurrentPackageUpdate,0,0,0,0,0,1,0
FileServer.Delete,0,0,0,0,0,1,0
FileServer.Event,0,0,0,0,0,1,0
FileServer.Exists,0,0,0,0,0,1,0
FileServer.GetFSObjectsFolder,0,0,0,0,0,1,0
FileServer.GetInfo,0,0,0,0,0,1,0
FileServer.List,0,0,0,0,0,1,0
FileServer.Load,0,0,0,0,0,1,0
FileServer.OnPackageLabelInfoReceived,0,0,0,0,0,1,0
FileServer.OnPackageLabelPrintReceived,0,0,0,0,0,1,0
FileServer.PackageFull,0,0,0,0,0,1,0
FileServer.RemoveStatus,0,0,0,0,0,1,0
FileServer.Rename,0,0,0,0,0,1,0
FileServer.Save,0,0,0,0,0,1,0
FileServer.SaveToFile,0,0,0,0,0,1,0
FileServer.SetStatus,0,0,0,0,0,1,0
GetClientStatus,0,0,0,0,0,1,0
GetFileServerIpAddress,0,0,0,0,1,0,0
GetIpAddress,0,0,0,0,1,0,0
GetLabelByFileName,0,0,0,0,0,1,0
GetLabelStatus,0,0,0,0,0,1,0
GetOneBased,0,0,0,0,0,1,0
GetPackageLabel,0,0,0,0,0,1,0
GetPrinter,0,0,0,0,0,1,0
GetPrinterDrivers,0,0,0,0,0,1,0
GetPrinterStatus,0,0,0,0,0,1,0
GetSettings,0,0,0,0,1,0,0
GetStatus,0,0,0,0,0,1,0
Http.CreateServer,0,0,0,0,1,1,0
ImageBlocksEnvironment.mEFG400Simulation.GetCupVideoResults,1,0,0,0,0,0,1
ImageBlocksEnvironment.mEFG400Simulation.GetProjectRoot,1,0,0,0,0,0,1
ImageBlocksEnvironment.mEFG400Simulation.GetReferenceSpectra,1,0,0,0,0,0,1
ImageBlocksEnvironment.mEFG400Simulation.GetSimulationCVRFileIndex,1,0,0,0,0,0,1
ImageBlocksEnvironment.mEFG400Simulation.GetSimulationCVRFileList,1,0,0,0,0,0,1
ImageBlocksEnvironment.mEFG400Simulation.GetSimulationCVRFileName,1,0,0,0,0,0,1
ImageBlocksEnvironment.mEFG400Simulation.GetSimulationFileName,1,0,0,0,0,0,1
ImageBlocksEnvironment.mEFG400Simulation.LoadSimProj,1,0,0,0,0,0,1
ImageBlocksEnvironment.mEFG400Simulation.RecalculateSchemas,1,0,0,0,0,0,1
ImageBlocksEnvironment.mEFG400Simulation.SelectCVRFile,1,0,0,0,0,0,1
ImageBlocksEnvironment.mEFG400Simulation.SetCupVideoResults,1,0,0,0,0,0,1
ImageBlocksInfo.GetProjectName,1,1,1,1,1,0,1
ImageRegion.AdjustHSV,1,1,1,1,0,0,1
ImageRegion.AverageColor,1,1,1,1,0,0,1
ImageRegion.AverageIntensity,1,1,1,1,0,0,1
ImageRegion.ConditionalFloodFill,1,1,0,1,0,0,1
ImageRegion.CorrectIntensityFromLowpass,1,1,1,1,0,0,1
ImageRegion.DistanceTransform,1,1,1,1,0,0,1
ImageRegion.DownSampleMedian,1,1,1,1,0,0,1
ImageRegion.DownSampleSNN,1,1,1,1,0,0,1
ImageRegion.FillSameColors,1,1,0,1,0,0,1
ImageRegion.FillSameColorsY8,1,1,1,1,0,0,1
ImageRegion.FlipRegionVertical,1,1,0,1,0,0,1
ImageRegion.GuiHSRainbow,1,1,0,1,0,0,1
ImageRegion.GuiHSVRainbow,1,1,0,1,0,0,1
ImageRegion.GuiHSVtoRGB,1,1,0,1,0,0,1
ImageRegion.GuiHVRainbow,1,1,0,1,0,0,1
ImageRegion.GuiRGBToCIELuv,1,1,0,1,0,0,1
ImageRegion.GuiRGBToHSV,1,1,0,1,0,0,1
ImageRegion.HSVPlanesHistogram,1,1,0,1,0,0,1
ImageRegion.HalfSize,1,1,1,1,0,0,1
ImageRegion.IntegralMaxLowpass,1,1,1,1,0,0,1
ImageRegion.IntensityAttributes,1,1,1,1,0,0,1
ImageRegion.NormalizeInt32ToY8,1,1,0,1,0,0,1
ImageRegion.RGB24ToH360S255V255,1,1,1,1,0,0,1
ImageRegion.ScaleImage,1,1,0,1,0,0,1
ImageRegion.ScaleIntensity,1,1,1,1,0,0,1
ImageRegion.SplitHSV,1,1,1,1,0,0,1
ImageRegion.ToS8V8,1,1,1,1,0,0,1
ImageblocksAutomation.Simulation.RecalculateNow,1,1,0,0,0,0,1
IncrementUndersScoreFileName,0,0,0,0,1,0,0
Json.Format,1,1,0,0,0,0,1
Json.JsonStringToTable,1,1,0,0,0,0,1
Json.TableToJsonString,1,1,0,0,0,0,1
KeepAlive,0,0,0,0,0,1,0
LOG,1,1,1,1,1,1,1
Language.GetCurrentLanguage,1,1,1,1,1,0,1
Language.LoadForCurrentFile,1,1,1,1,1,0,1
Language.LoadForFile,1,1,1,1,1,0,1
Language.LoadLanguageFile,1,1,1,1,1,0,1
Language.SetCurrentLanguage,1,1,1,1,1,0,1
LibTorchInference.ConstCast,1,1,0,0,0,0,1
LibTorchInference.IsValid,1,1,0,0,0,0,1
LibTorchInference.New,1,1,0,0,0,0,1
LoadResourceFromFileServer,0,0,0,0,1,0,0
LuaUdpDeeplearning.ConstCast,1,1,1,0,0,0,1
LuaUdpDeeplearning.GetTimeStamp,1,1,1,0,0,0,1
LuaUdpDeeplearning.IsValid,1,1,1,0,0,0,1
LuaUdpDeeplearning.New,1,1,1,0,0,0,1
MessageDialog,0,0,0,0,1,0,0
Messaging.Connect,0,0,0,0,1,1,0
Messaging.OnMessageReceived,0,0,0,0,1,1,0
Messaging.OnReplyReceived,0,0,0,0,1,1,0
Messaging.Print,0,0,0,0,1,1,0
Messaging.Register,0,0,0,0,1,1,0
Messaging.Reply,0,0,0,0,1,1,0
Messaging.Send,0,0,0,0,1,1,0
Messaging.StartServer,0,0,0,0,1,1,0
Messaging.StopServer,0,0,0,0,1,1,0
Messaging.outgoing.OnConnect,0,0,0,0,1,1,0
"Messaging.outgoing.connections.CLuaTextConnection, id 12, server 0, connected 1.connectFunc",0,0,0,0,1,0,0
Messaging.receiveFunctions.CurrentPackageUpdate,0,0,0,0,0,1,0
Messaging.receiveFunctions.DeleteFile,0,0,0,0,0,1,0
Messaging.receiveFunctions.Event,0,0,0,0,0,1,0
Messaging.receiveFunctions.ExistsFile,0,0,0,0,0,1,0
Messaging.receiveFunctions.GetFSObjectsFolder,0,0,0,0,0,1,0
Messaging.receiveFunctions.GetPrinterDrivers,0,0,0,0,0,1,0
Messaging.receiveFunctions.GetStatus,0,0,0,0,0,1,0
Messaging.receiveFunctions.ListFiles,0,0,0,0,0,1,0
Messaging.receiveFunctions.LoadFile,0,0,0,0,0,1,0
Messaging.receiveFunctions.PackageFull,0,0,0,0,0,1,0
Messaging.receiveFunctions.PrintByIdData,0,0,0,0,0,1,0
Messaging.receiveFunctions.PrintByIdRequest,0,0,0,0,0,1,0
Messaging.receiveFunctions.PrintLabel,0,0,0,0,0,1,0
Messaging.receiveFunctions.PrintRaw,0,0,0,0,0,1,0
Messaging.receiveFunctions.RemoveStatus,0,0,0,0,0,1,0
Messaging.receiveFunctions.RenameFile,0,0,0,0,0,1,0
Messaging.receiveFunctions.SaveFile,0,0,0,0,0,1,0
Messaging.receiveFunctions.SetStatus,0,0,0,0,0,1,0
Messaging.receiveFunctions.StatusUpdate,0,0,0,0,1,0,0
Messaging.receiveFunctions.TestLabel,0,0,0,0,0,1,0
Messaging.receiveFunctions.UploadImage,0,0,0,0,0,1,0
Messaging.server.OnAccept,0,0,0,0,1,1,0
Messaging.server.OnConnect,0,0,0,0,1,1,0
Messaging.server.connectFunc,0,0,0,0,0,1,0
NumberDialog,0,0,0,0,1,0,0
OkCancelDialog,0,0,0,0,1,0,0
OnConnect,0,0,0,0,0,1,0
OnCurrentPackageUpdate,0,0,0,0,0,1,0
OnDataProviderUpdate,0,0,0,0,1,0,0
OnDeleteFile,0,0,0,0,0,1,0
OnEchoReceived,0,0,0,0,0,1,0
OnEchoReplyReceived,0,0,0,0,0,1,0
OnEvent,0,0,0,0,0,1,0
OnExistsFile,0,0,0,0,0,1,0
OnGetFSObjectsFolder,0,0,0,0,0,1,0
OnGetPrinterDrivers,0,0,0,0,0,1,0
OnGetStatus,0,0,0,0,0,1,0
OnKeepAliveReceived,0,0,0,0,0,1,0
OnListFiles,0,0,0,0,0,1,0
OnLoadFile,0,0,0,0,0,1,0
OnPackageFull,0,0,0,0,0,1,0
OnPackageLabelInfoReceived,0,0,0,0,0,1,0
OnPackageLabelPrintReceived,0,0,0,0,0,1,0
OnPressControl,0,0,0,0,1,0,0
OnPrintByIdData,0,0,0,0,0,1,0
OnPrintByIdRequest,0,0,0,0,0,1,0
OnPrintLabel,0,0,0,0,0,1,0
OnPrintRaw,0,0,0,0,0,1,0
OnPrinterStateChanged,0,0,0,0,0,1,0
OnRemoveStatus,0,0,0,0,0,1,0
OnRenameFile,0,0,0,0,0,1,0
OnSaveFile,0,0,0,0,0,1,0
OnSetStatus,0,0,0,0,0,1,0
OnSystemConfigurationUpdate,0,0,0,0,0,1,0
OnTestLabel,0,0,0,0,0,1,0
OnUploadImage,0,0,0,0,0,1,0
PackExport.EnableHttpAccess,0,0,0,0,0,1,0
PackExport.LoadBackup,0,0,0,0,0,1,0
PackExport.RetrievePrintData,0,0,0,0,0,1,0
PackExport.StorePrintData,0,0,0,0,0,1,0
ParseLabel,0,0,0,0,0,1,0
PotatoTracker.CMotionModel.ConstCast,1,1,1,1,0,0,1
PotatoTracker.CMotionModel.IsValid,1,1,1,1,0,0,1
PotatoTracker.CMotionModel.New,1,1,1,1,0,0,1
PotatoTracker.CTrackerState.ConstCast,1,1,1,1,0,0,1
PotatoTracker.CTrackerState.IsValid,1,1,1,1,0,0,1
PotatoTracker.CTrackerState.New,1,1,1,1,0,0,1
PrintLabel,0,0,0,0,0,1,0
Printers.192.168.99.100.Device.CancelJob,0,0,0,0,0,1,0
Printers.192.168.99.100.Device.Connect,0,0,0,0,0,1,0
Printers.192.168.99.100.Device.DisableHttpAccess,0,0,0,0,0,1,0
Printers.192.168.99.100.Device.Disconnect,0,0,0,0,0,1,0
Printers.192.168.99.100.Device.EnableHttpAccess,0,0,0,0,0,1,0
Printers.192.168.99.100.Device.HardReset,0,0,0,0,0,1,0
Printers.192.168.99.100.Device.PrintLabel,0,0,0,0,0,1,0
Printers.192.168.99.100.Device.PrintRaw,0,0,0,0,0,1,0
Printers.192.168.99.100.Device.SetOnStateCB,0,0,0,0,0,1,0
Printers.192.168.99.100.Device.UploadImage,0,0,0,0,0,1,0
Profile.Start,0,1,1,0,0,0,0
Profile.Stop,0,1,1,0,0,0,0
Restart,0,0,0,0,1,0,0
SaveLabelToFile,0,0,0,0,0,1,0
SchemaWrapper.BuildFromResource,1,1,0,1,0,0,1
SchemaWrapper.BuildFromString,1,1,0,1,0,0,1
SetPrinterStatus,0,0,0,0,0,1,0
Sim.AddPos,0,0,0,0,1,0,0
Sim.CupImage,0,0,0,0,1,0,0
Sim.DeltaPos,0,0,0,0,1,0,0
Sim.GetFrameCounter,0,0,0,0,1,0,0
Sim.GetInputs,0,0,0,0,1,0,0
Sim.GetPosition,0,0,0,0,1,0,0
Sim.I2CWrite,0,0,0,0,1,0,0
Sim.ImageToRgb8,0,0,0,0,1,0,0
Sim.Init,0,0,0,0,1,0,0
Sim.SetABPosition,0,0,0,0,1,0,0
Sim.SetCamDist,0,0,0,0,1,0,0
Sim.SetInputAddressRange,0,0,0,0,1,0,0
Sim.SetSensor,0,0,0,0,1,0,0
Sim.SetSpeed,0,0,0,0,1,0,0
SizeAlgorithms.DetectDoubles,1,1,1,0,0,0,1
SizeAlgorithms.FindCalyx,1,1,1,0,0,0,1
StartWeightCalDialogSequence,0,0,0,0,1,0,0
StartZeroWeightCalDialogSequence,0,0,0,0,1,0,0
Style.BackButton,0,0,0,0,1,0,0
Style.CancelButton,0,0,0,0,1,0,0
Style.CheckBox,0,0,0,0,1,0,0
Style.Label,0,0,0,0,1,0,0
Style.LabelMedium,0,0,0,0,1,0,0
Style.LabelRightAligned,0,0,0,0,1,0,0
Style.OkButton,0,0,0,0,1,0,0
Style.PopupTitle,0,0,0,0,1,0,0
Style.PostItTitle,0,0,0,0,1,0,0
Style.PrintButton,0,0,0,0,1,0,0
Style.TareButton,0,0,0,0,1,0,0
Style.TextCenter,0,0,0,0,1,0,0
Style.TextTopLeft,0,0,0,0,1,0,0
Style.TrueTouchLogoButton,0,0,0,0,1,0,0
Style.Value,0,0,0,0,1,0,0
Style.ValueLarge,0,0,0,0,1,0,0
Style.ValueRightAligned,0,0,0,0,1,0,0
Style.ValueSmall,0,0,0,0,1,0,0
Style.Weight,0,0,0,0,1,0,0
Style.WeightUnit,0,0,0,0,1,0,0
SystemConfiguration.GetLaneCount,1,1,0,1,0,0,1
SystemConfiguration.GetLicenses,1,1,0,1,0,0,1
SystemConfiguration.GetRotationFactor,1,1,0,1,0,0,1
SystemConfiguration.GetScanAreas,1,1,0,1,0,0,1
SystemConfiguration.GetSpectrometerUnits,1,1,0,1,0,0,1
SystemConfiguration.GetUnitsSystem,1,1,0,1,0,0,1
TestMenu,0,0,0,0,1,0,0
TextMessaging.Connect,1,0,0,1,1,1,0
TextMessaging.Listen,1,0,0,1,1,1,0
TextMessaging.Print,1,0,0,1,1,1,0
TextMessaging.StopListen,1,0,0,1,1,1,0
Tft.GetImage,0,0,0,0,1,0,0
Tft.Image,0,0,0,0,1,0,0
TheData.Add,0,0,0,0,1,0,0
TheData.EnableHttpAccess,0,0,0,0,1,0,0
TheData.Get,0,0,0,0,1,0,0
TheData.Set,0,0,0,0,1,0,0
TheData.Subscribe,0,0,0,0,1,0,0
TheData.Unsubscribe,0,0,0,0,1,0,0
TheData.UnsubscribeAll,0,0,0,0,1,0,0
TheGlobalsCheck.EnableHttpAccess,0,0,0,0,1,0,0
TheHttp.AddPage,0,0,0,0,1,1,0
TheIdTracing.EnableHttpAccess,0,0,0,0,0,1,0
TheIdTracing.EventString,0,0,0,0,0,1,0
TheIdTracing.StatusString,0,0,0,0,0,1,0
ThePrintClient.CurrentPackageUpdate,0,0,0,0,1,0,0
ThePrintClient.EnableHttpAccess,0,0,0,0,1,0,0
ThePrintClient.PackageFull,0,0,0,0,1,0,0
ThePrintClient.PrintByIdData,0,0,0,0,1,0,0
ThePrintClient.PrintByIdRequest,0,0,0,0,1,0,0
ThePrintClient.PrintLabel,0,0,0,0,1,0,0
ThePrintClient.SubscribePrintServerConnectionState,0,0,0,0,1,0,0
ThePrintClient.SubscribePrinterState,0,0,0,0,1,0,0
ThePrintClient.UnsubscribePrinterState,0,0,0,0,1,0,0
TheStateMachine.OnPrintPressed,0,0,0,0,0,1,0
TheWioApi.GetState,0,0,0,0,1,0,0
TheWioApi.GetWeightRange,0,0,0,0,1,0,0
TheWioApi.SetInput,0,0,0,0,1,0,0
TheWioApi.SetOutput,0,0,0,0,1,0,0
TheWioApi.SetWeight,0,0,0,0,1,0,0
TheWioApi.SubscribeInput,0,0,0,0,1,0,0
TheWioApi.SubscribeWeight,0,0,0,0,1,0,0
TheWioApi.UnsubscribeWeight,0,0,0,0,1,0,0
TrueCommon.GetBuildInfo,1,1,1,1,0,0,1
TrueSort.ASyncSaveCvrFile,1,1,0,1,0,0,1
TrueSort.CVRRequest.GetCVR,1,1,0,1,0,0,1
TrueSort.CVRRequest.GetFullCupsOnly,1,1,0,1,0,0,1
TrueSort.CVRRequest.GetLane,1,1,0,1,0,0,1
TrueSort.CVRRequest.GetPause,1,1,0,1,0,0,1
TrueSort.CVRRequest.GetStatus,1,1,0,1,0,0,1
TrueSort.CVRRequest.RegisterCVRCallback,1,1,0,1,0,0,1
TrueSort.CVRRequest.RegisterFullCupsOnlyCallback,1,1,0,1,0,0,1
TrueSort.CVRRequest.RegisterLaneCallback,1,1,0,1,0,0,1
TrueSort.CVRRequest.RegisterPauseCallback,1,1,0,1,0,0,1
TrueSort.CVRRequest.RegisterStatusCallback,1,1,0,1,0,0,1
TrueSort.CVRRequest.SetCvrType,1,1,0,1,0,0,1
TrueSort.CVRRequest.SetFullCupsOnly,1,1,0,1,0,0,1
TrueSort.CVRRequest.SetLane,1,1,0,1,0,0,1
TrueSort.CVRRequest.SetMeasureModule,1,1,0,1,0,0,1
TrueSort.CVRRequest.SetPause,1,1,0,1,0,0,1
TrueSort.CVRRequest.SetRequestInterval,1,1,0,1,0,0,1
TrueSort.FileContentToTable,1,1,0,0,0,0,1
TrueSort.GetActiveMethods,1,1,0,1,0,0,1
TrueSort.GetGradingResults,1,1,0,1,0,0,1
TrueSort.GetMeasureMethod,1,1,0,1,0,0,1
TrueSort.GetSortVariety,1,1,0,1,0,0,1
TrueSort.GetStrippedCVR,1,1,0,1,0,0,1
TrueSort.LoadCvrFile,1,1,0,1,0,0,1
TrueSort.LoadSpectrometerGraphReplyMessage,1,1,0,1,0,0,1
TrueSort.PrintFileContent,1,1,0,0,0,0,1
TrueSort.ProjectorControl.IsValid,0,0,0,1,0,0,0
TrueSort.ProjectorControl.New,0,0,0,1,0,0,0
TrueSort.RegisterNewResultsCallback,1,1,0,1,0,0,1
TrueSort.RegisterRestoreCVRCallback,1,1,0,1,0,0,1
TrueSort.SaveCurrentGradingProgram,1,1,0,1,0,0,1
TrueSort.SaveCvrFile,1,1,0,1,0,0,1
TrueSort.SetMeasureMethodDisplayName,1,1,0,1,0,0,1
TrueSort.SetMeasureMethodUnit,1,1,0,1,0,0,1
TrueSortAlgorithms.Algorithms.Cucumber.ProcessLaserLines,1,1,1,1,0,0,1
TrueSortAlgorithms.Algorithms.Pear.FindStem,1,1,1,1,0,0,1
TrueSortAlgorithms.Algorithms.SpectralMeasurement.Add,1,1,1,1,0,0,1
TrueSortAlgorithms.Algorithms.SpectralMeasurement.Average,1,1,1,1,0,0,1
TrueSortAlgorithms.Algorithms.SpectralMeasurement.ConvertToAbsorbance,1,1,1,1,0,0,1
TrueSortAlgorithms.Algorithms.SpectralMeasurement.ConvertToLog10,1,1,1,1,0,0,1
TrueSortAlgorithms.Algorithms.SpectralMeasurement.Crop,1,1,1,1,0,0,1
TrueSortAlgorithms.Algorithms.SpectralMeasurement.DetectOverExposure,1,1,1,1,0,0,1
TrueSortAlgorithms.Algorithms.SpectralMeasurement.Divide,1,1,1,1,0,0,1
TrueSortAlgorithms.Algorithms.SpectralMeasurement.DotProduct,1,1,1,1,0,0,1
TrueSortAlgorithms.Algorithms.SpectralMeasurement.Filter,1,1,1,1,0,0,1
TrueSortAlgorithms.Algorithms.SpectralMeasurement.FilterExtended,1,1,1,1,0,0,1
TrueSortAlgorithms.Algorithms.SpectralMeasurement.FilterLowPassExtended,1,1,1,1,0,0,1
TrueSortAlgorithms.Algorithms.SpectralMeasurement.FilterSGolay,1,1,1,1,0,0,1
TrueSortAlgorithms.Algorithms.SpectralMeasurement.FilterSGolayDeriv1,1,1,1,1,0,0,1
TrueSortAlgorithms.Algorithms.SpectralMeasurement.FilterSGolayDeriv2,1,1,1,1,0,0,1
TrueSortAlgorithms.Algorithms.SpectralMeasurement.FilterSGolayDeriv3,1,1,1,1,0,0,1
TrueSortAlgorithms.Algorithms.SpectralMeasurement.FilterSimpleAverage,1,1,1,1,0,0,1
TrueSortAlgorithms.Algorithms.SpectralMeasurement.FilterSimpleDerivative,1,1,1,1,0,0,1
TrueSortAlgorithms.Algorithms.SpectralMeasurement.FindZeroCrossings,1,1,1,1,0,0,1
TrueSortAlgorithms.Algorithms.SpectralMeasurement.FlatField,1,1,1,1,0,0,1
TrueSortAlgorithms.Algorithms.SpectralMeasurement.GetDCBlackLevel,1,1,1,1,0,0,1
TrueSortAlgorithms.Algorithms.SpectralMeasurement.GetExtrema,1,1,1,1,0,0,1
TrueSortAlgorithms.Algorithms.SpectralMeasurement.GetMaxValue,1,1,1,1,0,0,1
TrueSortAlgorithms.Algorithms.SpectralMeasurement.Multiply,1,1,1,1,0,0,1
TrueSortAlgorithms.Algorithms.SpectralMeasurement.OffsetIntensity,1,1,1,1,0,0,1
TrueSortAlgorithms.Algorithms.SpectralMeasurement.Resample,1,1,1,1,0,0,1
TrueSortAlgorithms.Algorithms.SpectralMeasurement.ScaleIntensity,1,1,1,1,0,0,1
TrueSortAlgorithms.Algorithms.SpectralMeasurement.Subtract,1,1,1,1,0,0,1
TrueSortAlgorithms.Algorithms.SpectralReference.CalculateEffectiveReference,1,1,1,1,0,0,1
TrueSortAlgorithms.Algorithms.SpectralReference.ConvertBallReferenceIntoTheoreticSlideReference,1,1,1,1,0,0,1
TrueSortAlgorithms.Algorithms.SpectralReference.ConvertSlideReferenceIntoTheoreticBallReference,1,1,1,1,0,0,1
TrueSortAlgorithms.Algorithms.SpectralSignatures.DetectMaterialFromSpectrum,1,1,1,1,0,0,1
TrueSortAlgorithms.Algorithms.SpectralSignatures.FitCalibrationBallSpectrum,1,1,1,1,0,0,1
TrueSortAlgorithms.Algorithms.SymmetricalRelationMap.CalculateClusters,1,1,1,1,0,0,1
TrueSortAlgorithms.Algorithms.SymmetricalRelationMap.ExtractMaximalClique,1,1,1,1,0,0,1
TrueSortAlgorithms.Objects.SymmetricalRelationMap.ConstCast,1,1,1,1,0,0,1
TrueSortAlgorithms.Objects.SymmetricalRelationMap.IsValid,1,1,1,1,0,0,1
TrueSortAlgorithms.Objects.SymmetricalRelationMap.New,1,1,1,1,0,0,1
Trui.CloseAndOpenNextDialog,0,0,0,0,1,0,0
Trui.CloseDialog,0,0,0,0,1,0,0
Trui.DoModal,0,0,0,0,1,0,0
Trui.DrawSeparator,0,0,0,0,1,0,0
Trui.DrawText,0,0,0,0,1,0,0
Trui.EnableHttpAccess,0,0,0,0,1,0,0
Trui.FitText,0,0,0,0,1,0,0
Trui.GetCurrentDialogInfo,0,0,0,0,1,0,0
Trui.GetDefaultFont,0,0,0,0,1,0,0
Trui.ImplementWidget,0,0,0,0,1,0,0
Trui.ImplementWindow,0,0,0,0,1,0,0
Trui.Invalidate,0,0,0,0,1,0,0
Trui.OnTouchListener,0,0,0,0,1,0,0
Trui.Paint,0,0,0,0,1,0,0
Trui.PressControl,0,0,0,0,1,0,0
Trui.RegisterDialog,0,0,0,0,1,0,0
UAC.HasRight,1,0,0,1,0,0,1
Unit.FromMetric,1,1,0,1,1,1,1
Unit.GetUnit,1,1,0,1,1,1,1
Unit.GetWeightUnitTable,1,1,0,1,1,1,1
Unit.GramsToWeight,1,1,0,1,1,1,1
Unit.NumberOfDecimals,1,1,0,1,1,1,1
Unit.ToMetric,1,1,0,1,1,1,1
Unit.WeightString2Type,1,1,0,1,1,1,1
Unit.WeightToGrams,1,1,0,1,1,1,1
Unit.WeightType2String,1,1,0,1,1,1,1
UpdatePrinters,0,0,0,0,0,1,0
UpdateTrueTouchClients,0,0,0,0,0,1,0
Vision.Algorithms.GaussianFilters.GaussianDerivative,1,1,1,1,0,0,1
Vision.Algorithms.GaussianFilters.GaussianFIRDerivative,1,1,1,1,0,0,1
Vision.Algorithms.GaussianFilters.GaussianFIRFilter,1,1,1,1,0,0,1
Vision.Algorithms.GaussianFilters.GaussianFIRSecondDerivative,1,1,1,1,0,0,1
Vision.Algorithms.GaussianFilters.GaussianFilter,1,1,1,1,0,0,1
Vision.Algorithms.GaussianFilters.GaussianSecondDerivative,1,1,1,1,0,0,1
Vision.Algorithms.ImageFalseColor.FalseColorConverter.ConstCast,1,1,0,1,0,0,1
Vision.Algorithms.ImageFalseColor.FalseColorConverter.IsValid,1,1,0,1,0,0,1
Vision.Algorithms.ImageFalseColor.FalseColorConverter.New,1,1,0,1,0,0,1
Vision.Algorithms.ImageFilters.Clahe,1,1,1,1,0,0,1
Vision.Algorithms.ImageFilters.Emboss2DAbs,1,1,1,1,0,0,1
Vision.Algorithms.ImageFilters.SobelMagnitude,1,1,1,1,0,0,1
Vision.Algorithms.ImageFilters.SobelMagnitudeExact,1,1,1,1,0,0,1
Vision.Algorithms.ImageObjectDetection.FitCircleOnBrightestSlices,1,1,0,1,0,0,1
Vision.Algorithms.IntegralImages.CalculateNewHillHeightImage,1,1,1,1,0,0,1
Vision.Algorithms.IntegralImages.CalculateNewHillHeightImageSSE,1,1,1,1,0,0,1
Vision.Algorithms.IntegralImages.CalculateNewPitDepthImage,1,1,1,1,0,0,1
Vision.Algorithms.IntegralImages.CalculateNewPitDepthImageSSE,1,1,1,1,0,0,1
Vision.Algorithms.IntegralImages.IntegralDeviationDistanceRGB32,1,1,1,1,0,0,1
Vision.Algorithms.IntegralImages.IntegralDeviationDistanceRGB32SSE,1,1,1,1,0,0,1
Vision.Algorithms.IntegralImages.IntegralDeviationMap,1,1,1,1,0,0,1
Vision.Algorithms.IntegralImages.IntegralDeviationMapSSE,1,1,1,1,0,0,1
Vision.Algorithms.IntegralImages.IntegralImageMasked,1,1,1,1,0,0,1
Vision.Algorithms.IntegralImages.IntegralImageMaskedRGB32,1,1,1,1,0,0,1
Vision.Algorithms.IntensityProfiles.IntensityProfileFromImage,1,1,1,1,0,0,1
Vision.Algorithms.LeastSquaresFitting.LeastSquaresFitting,1,1,1,1,0,0,1
Vision.Algorithms.LocalBinaryPattern.ExtendedIntegralLocalBinaryPattern,1,1,1,1,0,0,1
Vision.Algorithms.LocalBinaryPattern.LocalBinaryContrast,1,1,1,1,0,0,1
Vision.Algorithms.LocalBinaryPattern.LocalBinaryPattern,1,1,1,1,0,0,1
Vision.Algorithms.PointChainConversion.PointChainToString,1,1,1,1,0,0,1
Vision.Algorithms.PointChainConversion.StringToPointChain,1,1,1,1,0,0,1
Vision.Algorithms.PointChainGeometry.AlgabraicCircleFit,1,1,1,1,0,0,1
Vision.Algorithms.PointChainGeometry.CenterlineNormalDiameter,1,1,1,1,0,0,1
Vision.Algorithms.PointChainGeometry.EllipseFitting,1,1,1,1,0,0,1
Vision.Algorithms.PointChainGeometry.FindCenterline,1,1,1,1,0,0,1
Vision.Algorithms.PointChainGeometry.FindCenterlineDebug,1,1,0,0,0,0,1
Vision.Algorithms.PointChainGeometry.FindDents,1,1,1,1,0,0,1
Vision.Algorithms.PointChainGeometry.InterpolatedCenterlineDiameter,1,1,1,1,0,0,1
Vision.Algorithms.PointChainGeometry.MinMaxDiameter,1,1,1,1,0,0,1
Vision.Algorithms.PointChainGeometry.MinMaxPerpendicularDiameter,1,1,1,1,0,0,1
Vision.Algorithms.PointChainManipulation.CreateNormal,1,1,1,1,0,0,1
Vision.Algorithms.PointChainManipulation.Simplify,1,1,1,1,0,0,1
Vision.Algorithms.RegionGeometry.ProjectDonut,1,1,1,1,0,0,1
Vision.Algorithms.RegionGeometry.ProjectDonutQuadList,1,1,1,1,0,0,1
Vision.Algorithms.RegionGeometry.ProjectQuadList,1,1,1,1,0,0,1
Vision.Algorithms.RegionManipulation.DilateErode,1,1,1,1,0,0,1
Vision.Algorithms.RegionManipulation.GetTotalHoleSize,1,1,1,1,0,0,1
Vision.Algorithms.RegionManipulation.RemoveHoles,1,1,1,1,0,0,1
Vision.Algorithms.RegionManipulation.RemoveHolesFrom,1,1,1,1,0,0,1
Vision.Algorithms.RegionStatistics.CalculatePrincipalComponents,1,1,1,1,0,0,1
Vision.Algorithms.RegionStatistics.ComputeGeometricMoments,1,1,1,1,0,0,1
Vision.Algorithms.RegionStatistics.ComputeSecondOrderCentralMoments,1,1,1,1,0,0,1
Vision.Experimental.Algorithms.HyperSpectral.AverageImageStack,1,1,1,1,0,0,1
Vision.Experimental.Algorithms.HyperSpectral.FlatFieldImage,1,1,1,1,0,0,1
Vision.Experimental.Algorithms.HyperSpectral.FlatFieldImageStack,1,1,1,1,0,0,1
Vision.Experimental.Algorithms.HyperSpectral.GetRawData,1,1,1,1,0,0,1
Vision.Experimental.Algorithms.HyperSpectral.ImageMedian3x3,1,1,1,1,0,0,1
Vision.Experimental.Algorithms.HyperSpectral.RotateDataCube,1,1,1,1,0,0,1
Vision.Experimental.Algorithms.HyperSpectral.SubSampleImage,1,1,1,1,0,0,1
Vision.Experimental.Algorithms.ImageFilters.CalculateRegionIntegralImage,1,1,1,1,0,0,1
Vision.Experimental.Algorithms.ImageFilters.ConstantOrderMedianFilter,1,1,0,0,0,0,1
Vision.Experimental.Algorithms.ImageFilters.IntegralImageStack,1,1,1,1,0,0,1
Vision.Experimental.Algorithms.ImageFilters.IntegralRegionMedianFilter,1,1,1,1,0,0,1
Vision.Experimental.Algorithms.ImageFilters.NaiveMedianFilter,1,1,0,0,0,0,1
Vision.Experimental.Algorithms.ImageFilters.UnitVarianceScaling,1,1,1,1,0,0,1
Vision.Experimental.Algorithms.ImageObjectDetection.DetectLaserLine,1,1,0,1,0,0,1
Vision.Experimental.Algorithms.ImageObjectDetection.StegerRidgeIntermediateData.ConstCast,1,1,1,0,0,0,1
Vision.Experimental.Algorithms.ImageObjectDetection.StegerRidgeIntermediateData.IsValid,1,1,1,0,0,0,1
Vision.Experimental.Algorithms.ImageObjectDetection.StegerRidgeIntermediateData.New,1,1,1,0,0,0,1
Vision.Experimental.Algorithms.Jseg.Quantize,1,1,0,0,0,0,1
Vision.Experimental.Algorithms.PointChain3DGeometry.CreateParametricApproximation,1,1,1,1,0,0,1
Vision.Experimental.Algorithms.PointChain3DGeometry.LocateClosestApproach,1,1,1,1,0,0,1
Vision.Experimental.Algorithms.PointChainGeometry.CalculateParametricDistances,1,1,1,1,0,0,1
Vision.Experimental.Objects.LaserTriangulation.ConstCast,1,1,0,1,0,0,1
Vision.Experimental.Objects.LaserTriangulation.IsValid,1,1,0,1,0,0,1
Vision.Experimental.Objects.LaserTriangulation.New,1,1,0,1,0,0,1
Vision.Objects.HistogramY8.ConstCast,1,1,1,1,0,0,1
Vision.Objects.HistogramY8.Equalize,1,1,1,1,0,0,1
Vision.Objects.HistogramY8.IsValid,1,1,1,1,0,0,1
Vision.Objects.HistogramY8.New,1,1,1,1,0,0,1
Vision.Objects.Image.ConstCast,1,1,1,1,1,0,1
Vision.Objects.Image.FromRawString,1,1,1,1,1,0,1
Vision.Objects.Image.FromString,1,1,1,1,1,0,1
Vision.Objects.Image.IsValid,1,1,1,1,1,0,1
Vision.Objects.Image.LoadBmp,1,1,0,1,0,0,1
Vision.Objects.Image.New,1,1,1,1,1,0,1
Vision.Objects.Image.Rgb24FromR8G8B8,1,1,1,1,1,0,1
Vision.Objects.Image.StringToType,1,1,1,1,1,0,1
Vision.Objects.Image.TypeToString,1,1,1,1,1,0,1
Vision.Objects.IntensityProfile.ConstCast,1,1,0,1,0,0,1
Vision.Objects.IntensityProfile.FromArray,1,1,0,1,0,0,1
Vision.Objects.IntensityProfile.FromImage,1,1,0,1,0,0,1
Vision.Objects.IntensityProfile.IsValid,1,1,0,1,0,0,1
Vision.Objects.IntensityProfile.New,1,1,0,1,0,0,1
Vision.Objects.Line.ConstCast,1,1,1,1,1,0,1
Vision.Objects.Line.IsValid,1,1,1,1,1,0,1
Vision.Objects.Line.New,1,1,1,1,1,0,1
Vision.Objects.LineEquation.ConstCast,1,1,1,1,0,0,1
Vision.Objects.LineEquation.IsValid,1,1,1,1,0,0,1
Vision.Objects.LineEquation.New,1,1,1,1,0,0,1
Vision.Objects.Point.ConstCast,1,1,1,1,1,1,1
Vision.Objects.Point.IsValid,1,1,1,1,1,1,1
Vision.Objects.Point.New,1,1,1,1,1,1,1
Vision.Objects.Point3D.ConstCast,1,1,1,1,0,0,1
Vision.Objects.Point3D.IsValid,1,1,1,1,0,0,1
Vision.Objects.Point3D.New,1,1,1,1,0,0,1
Vision.Objects.Point3DF.ConstCast,1,1,1,1,1,0,1
Vision.Objects.Point3DF.IsValid,1,1,1,1,1,0,1
Vision.Objects.Point3DF.New,1,1,1,1,1,0,1
Vision.Objects.PointChain.ConstCast,1,1,1,1,1,0,1
Vision.Objects.PointChain.IsValid,1,1,1,1,1,0,1
Vision.Objects.PointChain.New,1,1,1,1,1,0,1
Vision.Objects.PointChain3D.ConstCast,1,1,1,1,1,0,1
Vision.Objects.PointChain3D.IsValid,1,1,1,1,1,0,1
Vision.Objects.PointChain3D.New,1,1,1,1,1,0,1
Vision.Objects.PointF.ConstCast,1,1,1,1,0,0,1
Vision.Objects.PointF.IsValid,1,1,1,1,0,0,1
Vision.Objects.PointF.New,1,1,1,1,0,0,1
Vision.Objects.Polynomial.ConstCast,1,1,1,1,0,0,1
Vision.Objects.Polynomial.IsValid,1,1,1,1,0,0,1
Vision.Objects.Polynomial.New,1,1,1,1,0,0,1
Vision.Objects.Rect.ConstCast,1,1,1,1,1,1,1
Vision.Objects.Rect.IsValid,1,1,1,1,1,1,1
Vision.Objects.Rect.New,1,1,1,1,1,1,1
Vision.Objects.Region.ConstCast,1,1,1,1,1,0,1
Vision.Objects.Region.FromInt16,1,1,1,1,1,0,1
Vision.Objects.Region.FromPointChain,1,1,1,1,1,0,1
Vision.Objects.Region.FromPointCloud,1,1,1,1,1,0,1
Vision.Objects.Region.FromRegionInt16,1,1,1,1,1,0,1
Vision.Objects.Region.FromRegionY8,1,1,1,1,1,0,1
Vision.Objects.Region.FromWaterShed,1,1,1,1,1,0,1
Vision.Objects.Region.FromY8,1,1,1,1,1,0,1
Vision.Objects.Region.IsValid,1,1,1,1,1,0,1
Vision.Objects.Region.New,1,1,1,1,1,0,1
Vision.Objects.SizeCalibrationProcessor.ConstCast,1,1,1,1,0,0,1
Vision.Objects.SizeCalibrationProcessor.IsValid,1,1,1,1,0,0,1
Vision.Objects.SizeCalibrationProcessor.New,1,1,1,1,0,0,1
WaitDialog,0,0,0,0,1,0,0
WeightReferenceDialog,0,0,0,0,1,0,0
WeightToString,0,0,0,0,0,1,0
_oldprint,1,1,1,1,1,1,1
assert,1,1,1,1,1,1,1
bit.arshift,1,1,1,1,1,1,1
bit.band,1,1,1,1,1,1,1
bit.bnot,1,1,1,1,1,1,1
bit.bor,1,1,1,1,1,1,1
bit.bswap,1,1,1,1,1,1,1
bit.bxor,1,1,1,1,1,1,1
bit.lshift,1,1,1,1,1,1,1
bit.rol,1,1,1,1,1,1,1
bit.ror,1,1,1,1,1,1,1
bit.rshift,1,1,1,1,1,1,1
bit.tobit,1,1,1,1,1,1,1
bit.tohex,1,1,1,1,1,1,1
cjson.decode,1,1,1,1,1,1,1
cjson.decode_invalid_numbers,1,1,1,1,1,1,1
cjson.decode_max_depth,1,1,1,1,1,1,1
cjson.encode,1,1,1,1,1,1,1
cjson.encode_invalid_numbers,1,1,1,1,1,1,1
cjson.encode_keep_buffer,1,1,1,1,1,1,1
cjson.encode_max_depth,1,1,1,1,1,1,1
cjson.encode_number_precision,1,1,1,1,1,1,1
cjson.encode_sparse_array,1,1,1,1,1,1,1
cjson.new,1,1,1,1,1,1,1
collectgarbage,1,1,1,1,1,1,1
coroutine.create,1,1,1,1,1,1,1
coroutine.resume,1,1,1,1,1,1,1
coroutine.running,1,1,1,1,1,1,1
coroutine.status,1,1,1,1,1,1,1
coroutine.wrap,1,1,1,1,1,1,1
coroutine.yield,1,1,1,1,1,1,1
debug.debug,1,1,1,1,1,1,1
debug.getfenv,1,1,1,1,1,1,1
debug.gethook,1,1,1,1,1,1,1
debug.getinfo,1,1,1,1,1,1,1
debug.getlocal,1,1,1,1,1,1,1
debug.getmetatable,1,1,1,1,1,1,1
debug.getregistry,1,1,1,1,1,1,1
debug.getupvalue,1,1,1,1,1,1,1
debug.setfenv,1,1,1,1,1,1,1
debug.sethook,1,1,1,1,1,1,1
debug.setlocal,1,1,1,1,1,1,1
debug.setmetatable,1,1,1,1,1,1,1
debug.setupvalue,1,1,1,1,1,1,1
debug.traceback,1,1,1,1,1,1,1
dofile,1,1,1,1,1,1,1
doresource,1,1,1,1,1,1,1
efc3.logger.Log,1,1,1,1,1,1,1
efc3.logger.Print,1,1,1,1,1,1,1
efc3.logger.SetMinSeverityLevel,1,1,1,1,1,1,1
efg400.GetClass,0,0,0,0,0,1,0
efg400.GetGradingProgram,0,0,0,0,0,1,0
efg400.GetPackage,0,0,0,0,0,1,0
efg400.GetStatisticsBatchExcerpt,0,0,0,0,0,1,0
efg400.ObjectManager.GetGradingProgram,0,0,0,0,0,1,0
efg400.ObjectManager.GetPackage,0,0,0,0,0,1,0
efg400.ObjectManager.GetStatisticsBatchExcerpt,0,0,0,0,0,1,0
efg400.OnSystemConfigurationUpdate,0,0,0,0,0,1,0
error,1,1,1,1,1,1,1
gcinfo,1,1,1,1,1,1,1
getfenv,1,1,1,1,1,1,1
getmetatable,1,1,1,1,1,1,1
gl.Accum,1,0,0,1,0,0,0
gl.AlphaFunc,1,0,0,1,0,0,0
gl.AreTexturesResident,1,0,0,1,0,0,0
gl.ArrayElement,1,0,0,1,0,0,0
gl.Begin,1,0,0,1,0,0,0
gl.BindTexture,1,0,0,1,0,0,0
gl.Bitmap,1,0,0,1,0,0,0
gl.BlendFunc,1,0,0,1,0,0,0
gl.CallList,1,0,0,1,0,0,0
gl.CallLists,1,0,0,1,0,0,0
gl.Clear,1,0,0,1,0,0,0
gl.ClearAccum,1,0,0,1,0,0,0
gl.ClearColor,1,0,0,1,0,0,0
gl.ClearDepth,1,0,0,1,0,0,0
gl.ClearIndex,1,0,0,1,0,0,0
gl.ClearStencil,1,0,0,1,0,0,0
gl.ClipPlane,1,0,0,1,0,0,0
gl.Color,1,0,0,1,0,0,0
gl.ColorMask,1,0,0,1,0,0,0
gl.ColorMaterial,1,0,0,1,0,0,0
gl.ColorPointer,1,0,0,1,0,0,0
gl.CopyPixels,1,0,0,1,0,0,0
gl.CopyTexImage,1,0,0,1,0,0,0
gl.CopyTexSubImage,1,0,0,1,0,0,0
gl.CullFace,1,0,0,1,0,0,0
gl.DeleteLists,1,0,0,1,0,0,0
gl.DeleteTextures,1,0,0,1,0,0,0
gl.DepthFunc,1,0,0,1,0,0,0
gl.DepthMask,1,0,0,1,0,0,0
gl.DepthRange,1,0,0,1,0,0,0
gl.Disable,1,0,0,1,0,0,0
gl.DisableClientState,1,0,0,1,0,0,0
gl.DrawArrays,1,0,0,1,0,0,0
gl.DrawBuffer,1,0,0,1,0,0,0
gl.DrawElements,1,0,0,1,0,0,0
gl.DrawPixels,1,0,0,1,0,0,0
gl.EdgeFlag,1,0,0,1,0,0,0
gl.EdgeFlagPointer,1,0,0,1,0,0,0
gl.Enable,1,0,0,1,0,0,0
gl.EnableClientState,1,0,0,1,0,0,0
gl.End,1,0,0,1,0,0,0
gl.EndList,1,0,0,1,0,0,0
gl.EvalCoord,1,0,0,1,0,0,0
gl.EvalMesh,1,0,0,1,0,0,0
gl.EvalPoint,1,0,0,1,0,0,0
gl.FeedbackBuffer,1,0,0,1,0,0,0
gl.Finish,1,0,0,1,0,0,0
gl.Flush,1,0,0,1,0,0,0
gl.Fog,1,0,0,1,0,0,0
gl.FrontFace,1,0,0,1,0,0,0
gl.Frustum,1,0,0,1,0,0,0
gl.GenLists,1,0,0,1,0,0,0
gl.GenTextures,1,0,0,1,0,0,0
gl.Get,1,0,0,1,0,0,0
gl.GetArray,1,0,0,1,0,0,0
gl.GetClipPlane,1,0,0,1,0,0,0
gl.GetConst,1,0,0,1,0,0,0
gl.GetError,1,0,0,1,0,0,0
gl.GetLight,1,0,0,1,0,0,0
gl.GetMap,1,0,0,1,0,0,0
gl.GetMaterial,1,0,0,1,0,0,0
gl.GetPixelMap,1,0,0,1,0,0,0
gl.GetPointer,1,0,0,1,0,0,0
gl.GetPolygonStipple,1,0,0,1,0,0,0
gl.GetString,1,0,0,1,0,0,0
gl.GetTexEnv,1,0,0,1,0,0,0
gl.GetTexGen,1,0,0,1,0,0,0
gl.GetTexImage,1,0,0,1,0,0,0
gl.GetTexLevelParameter,1,0,0,1,0,0,0
gl.GetTexParameter,1,0,0,1,0,0,0
gl.Hint,1,0,0,1,0,0,0
gl.Index,1,0,0,1,0,0,0
gl.IndexMask,1,0,0,1,0,0,0
gl.IndexPointer,1,0,0,1,0,0,0
gl.InitNames,1,0,0,1,0,0,0
gl.IsEnabled,1,0,0,1,0,0,0
gl.IsList,1,0,0,1,0,0,0
gl.IsTexture,1,0,0,1,0,0,0
gl.Light,1,0,0,1,0,0,0
gl.LightModel,1,0,0,1,0,0,0
gl.LineStipple,1,0,0,1,0,0,0
gl.LineWidth,1,0,0,1,0,0,0
gl.ListBase,1,0,0,1,0,0,0
gl.LoadIdentity,1,0,0,1,0,0,0
gl.LoadMatrix,1,0,0,1,0,0,0
gl.LoadName,1,0,0,1,0,0,0
gl.LogicOp,1,0,0,1,0,0,0
gl.Map,1,0,0,1,0,0,0
gl.MapGrid,1,0,0,1,0,0,0
gl.Material,1,0,0,1,0,0,0
gl.MatrixMode,1,0,0,1,0,0,0
gl.MultMatrix,1,0,0,1,0,0,0
gl.NewList,1,0,0,1,0,0,0
gl.Normal,1,0,0,1,0,0,0
gl.NormalPointer,1,0,0,1,0,0,0
gl.Ortho,1,0,0,1,0,0,0
gl.PassThrough,1,0,0,1,0,0,0
gl.PixelMap,1,0,0,1,0,0,0
gl.PixelStore,1,0,0,1,0,0,0
gl.PixelTransfer,1,0,0,1,0,0,0
gl.PixelZoom,1,0,0,1,0,0,0
gl.PointSize,1,0,0,1,0,0,0
gl.PolygonMode,1,0,0,1,0,0,0
gl.PolygonOffset,1,0,0,1,0,0,0
gl.PolygonStipple,1,0,0,1,0,0,0
gl.PopAttrib,1,0,0,1,0,0,0
gl.PopClientAttrib,1,0,0,1,0,0,0
gl.PopMatrix,1,0,0,1,0,0,0
gl.PopName,1,0,0,1,0,0,0
gl.PrioritizeTextures,1,0,0,1,0,0,0
gl.PushAttrib,1,0,0,1,0,0,0
gl.PushClientAttrib,1,0,0,1,0,0,0
gl.PushMatrix,1,0,0,1,0,0,0
gl.PushName,1,0,0,1,0,0,0
gl.RasterPos,1,0,0,1,0,0,0
gl.ReadBuffer,1,0,0,1,0,0,0
gl.ReadPixels,1,0,0,1,0,0,0
gl.Rect,1,0,0,1,0,0,0
gl.RenderMode,1,0,0,1,0,0,0
gl.Rotate,1,0,0,1,0,0,0
gl.Scale,1,0,0,1,0,0,0
gl.Scissor,1,0,0,1,0,0,0
gl.SelectBuffer,1,0,0,1,0,0,0
gl.ShadeModel,1,0,0,1,0,0,0
gl.StencilFunc,1,0,0,1,0,0,0
gl.StencilMask,1,0,0,1,0,0,0
gl.StencilOp,1,0,0,1,0,0,0
gl.TexCoord,1,0,0,1,0,0,0
gl.TexCoordPointer,1,0,0,1,0,0,0
gl.TexEnv,1,0,0,1,0,0,0
gl.TexGen,1,0,0,1,0,0,0
gl.TexImage,1,0,0,1,0,0,0
gl.TexParameter,1,0,0,1,0,0,0
gl.TexSubImage,1,0,0,1,0,0,0
gl.Translate,1,0,0,1,0,0,0
gl.Vertex,1,0,0,1,0,0,0
gl.VertexPointer,1,0,0,1,0,0,0
gl.Viewport,1,0,0,1,0,0,0
io.close,1,0,0,1,0,1,1
io.flush,1,0,0,1,0,1,1
io.input,1,0,0,1,0,1,1
io.lines,1,0,0,1,0,1,1
io.open,1,0,0,1,0,1,1
io.output,1,0,0,1,0,1,1
io.popen,1,0,0,1,0,1,1
io.read,1,0,0,1,0,1,1
io.tmpfile,1,0,0,1,0,1,1
io.type,1,0,0,1,0,1,1
io.write,1,0,0,1,0,1,1
ipairs,1,1,1,1,1,1,1
load,1,1,1,1,1,1,1
loadfile,1,1,1,1,1,1,1
loadstring,1,1,1,1,1,1,1
lw.BrushLayer,1,0,0,1,0,0,0
lw.Button,1,0,0,1,1,0,0
lw.CLuaBrushLayer.IsValid,1,0,0,1,0,0,0
lw.CLuaBrushLayer.New,1,0,0,1,0,0,0
lw.CLuaButton.IsControl,1,0,0,1,0,0,0
lw.CLuaButton.IsValid,1,0,0,1,0,0,0
lw.CLuaButton.New,1,0,0,1,0,0,0
lw.CLuaCheckBox.IsControl,1,0,0,1,0,0,0
lw.CLuaCheckBox.IsValid,1,0,0,1,0,0,0
lw.CLuaCheckBox.New,1,0,0,1,0,0,0
lw.CLuaComboBox.IsControl,1,0,0,1,0,0,0
lw.CLuaComboBox.IsValid,1,0,0,1,0,0,0
lw.CLuaComboBox.New,1,0,0,1,0,0,0
lw.CLuaDialog.IsControl,1,0,0,1,0,0,0
lw.CLuaDialog.IsValid,1,0,0,1,0,0,0
lw.CLuaDialog.New,1,0,0,1,0,0,0
lw.CLuaEdit.IsControl,1,0,0,1,0,0,0
lw.CLuaEdit.IsValid,1,0,0,1,0,0,0
lw.CLuaEdit.New,1,0,0,1,0,0,0
lw.CLuaFloatSlider.IsControl,1,0,0,1,0,0,0
lw.CLuaFloatSlider.IsValid,1,0,0,1,0,0,0
lw.CLuaFloatSlider.New,1,0,0,1,0,0,0
lw.CLuaFloatSpinEdit.IsControl,1,0,0,1,0,0,0
lw.CLuaFloatSpinEdit.IsValid,1,0,0,1,0,0,0
lw.CLuaFloatSpinEdit.New,1,0,0,1,0,0,0
lw.CLuaGrid.IsControl,1,0,0,1,0,0,0
lw.CLuaGrid.IsValid,1,0,0,1,0,0,0
lw.CLuaGrid.New,1,0,0,1,0,0,0
lw.CLuaGridSimple.IsControl,1,0,0,1,0,0,0
lw.CLuaGridSimple.IsValid,1,0,0,1,0,0,0
lw.CLuaGridSimple.New,1,0,0,1,0,0,0
lw.CLuaGroupBox.IsControl,1,0,0,1,0,0,0
lw.CLuaGroupBox.IsValid,1,0,0,1,0,0,0
lw.CLuaGroupBox.New,1,0,0,1,0,0,0
lw.CLuaHtmlView.IsControl,1,0,0,1,0,0,0
lw.CLuaHtmlView.IsValid,1,0,0,1,0,0,0
lw.CLuaHtmlView.New,1,0,0,1,0,0,0
lw.CLuaImageLayer.IsValid,1,0,0,1,0,0,0
lw.CLuaImageLayer.New,1,0,0,1,0,0,0
lw.CLuaImageView.IsControl,1,0,0,1,0,0,0
lw.CLuaImageView.IsValid,1,0,0,1,0,0,0
lw.CLuaImageView.New,1,0,0,1,0,0,0
lw.CLuaLayeredWnd.IsControl,1,0,0,1,0,0,0
lw.CLuaLayeredWnd.IsValid,1,0,0,1,0,0,0
lw.CLuaLayeredWnd.New,1,0,0,1,0,0,0
lw.CLuaOpenGlViewer.IsControl,1,0,0,1,0,0,0
lw.CLuaOpenGlViewer.IsValid,1,0,0,1,0,0,0
lw.CLuaOpenGlViewer.New,1,0,0,1,0,0,0
lw.CLuaPolygonLayer.IsValid,1,0,0,1,0,0,0
lw.CLuaPolygonLayer.New,1,0,0,1,0,0,0
lw.CLuaProgressBar.IsControl,1,0,0,1,0,0,0
lw.CLuaProgressBar.IsValid,1,0,0,1,0,0,0
lw.CLuaProgressBar.New,1,0,0,1,0,0,0
lw.CLuaRadio.IsControl,1,0,0,1,0,0,0
lw.CLuaRadio.IsValid,1,0,0,1,0,0,0
lw.CLuaRadio.New,1,0,0,1,0,0,0
lw.CLuaRangeSelection.IsControl,1,0,0,1,0,0,0
lw.CLuaRangeSelection.IsValid,1,0,0,1,0,0,0
lw.CLuaRangeSelection.New,1,0,0,1,0,0,0
lw.CLuaScintilla.IsControl,1,0,0,1,0,0,0
lw.CLuaScintilla.IsValid,1,0,0,1,0,0,0
lw.CLuaScintilla.New,1,0,0,1,0,0,0
lw.CLuaStatic.IsControl,1,0,0,1,0,0,0
lw.CLuaStatic.IsValid,1,0,0,1,0,0,0
lw.CLuaStatic.New,1,0,0,1,0,0,0
lw.CLuaZoomCtrl.IsControl,1,0,0,1,0,0,0
lw.CLuaZoomCtrl.IsValid,1,0,0,1,0,0,0
lw.CLuaZoomCtrl.New,1,0,0,1,0,0,0
lw.CheckBox,1,0,0,1,1,0,0
lw.ChildDialog,1,0,0,1,0,0,0
lw.ColorDialog,1,0,0,1,0,0,0
lw.ComboBox,1,0,0,1,0,0,0
lw.CopyImageToClipboard,1,0,0,1,0,0,0
lw.CopyTextToClipboard,1,0,0,1,0,0,0
lw.Dialog,1,0,0,1,1,0,0
lw.DialogEx,1,0,0,1,0,0,0
lw.DialogOld,1,0,0,1,0,0,0
lw.Edit,1,0,0,1,1,0,0
lw.FileDialog,1,0,0,1,0,0,0
lw.FloatSlider,1,0,0,1,1,0,0
lw.FloatSpinEdit,1,0,0,1,0,0,0
lw.FolderDialog,1,0,0,1,0,0,0
lw.FolderPickerDialog,1,0,0,1,0,0,0
lw.GetImageFromClipboard,1,0,0,1,0,0,0
lw.GetKeyboardState,1,0,0,1,0,0,0
lw.GetMainWnd,1,0,0,1,0,0,0
lw.GetTextFromClipboard,1,0,0,1,0,0,0
lw.Grid,1,0,0,1,0,0,0
lw.GridSimple,1,0,0,1,0,0,0
lw.GroupBox,1,0,0,1,0,0,0
lw.HtmlView,1,0,0,1,0,0,0
lw.ImageLayer,1,0,0,1,0,0,0
lw.ImageView,1,0,0,1,0,0,0
lw.InputBox,1,0,0,1,0,0,0
lw.IsControl,1,0,0,1,0,0,0
lw.KillTimer,1,0,0,1,0,0,0
lw.LayeredWnd,1,0,0,1,1,0,0
lw.MessageBox,1,0,0,1,0,0,0
lw.MultiFileDialog,1,0,0,1,0,0,0
lw.NewControl,1,0,0,1,0,0,0
lw.OpenGlViewer,1,0,0,1,0,0,0
lw.PolygonLayer,1,0,0,1,0,0,0
lw.ProgressBar,1,0,0,1,1,0,0
lw.Radio,1,0,0,1,1,0,0
lw.RangeSelection,1,0,0,1,0,0,0
lw.RemoveIllegalFilenameCharacters,1,0,0,1,0,0,0
lw.Scintilla,1,0,0,1,0,0,0
lw.SetTimer,1,0,0,1,0,0,0
lw.Static,1,0,0,1,1,0,0
lw.Win32.ColorDialog,1,0,0,1,0,0,0
lw.Win32.CopyImageToClipboard,1,0,0,1,0,0,0
lw.Win32.CopyTextToClipboard,1,0,0,1,0,0,0
lw.Win32.FileDialog,1,0,0,1,0,0,0
lw.Win32.FolderDialog,1,0,0,1,0,0,0
lw.Win32.FolderPickerDialog,1,0,0,1,0,0,0
lw.Win32.GetImageFromClipboard,1,0,0,1,0,0,0
lw.Win32.GetKeyboardState,1,0,0,1,0,0,0
lw.Win32.GetTextFromClipboard,1,0,0,1,0,0,0
lw.Win32.InputBox,1,0,0,1,0,0,0
lw.Win32.MessageBox,1,0,0,1,0,0,0
lw.Win32.MultiFileDialog,1,0,0,1,0,0,0
lw.Win32.RemoveIllegalFilenameCharacters,1,0,0,1,0,0,0
lw.ZoomCtrl,1,0,0,1,0,0,0
lw.environment.KillTimer,1,0,0,1,0,0,0
lw.environment.SetTimer,1,0,0,1,0,0,0
math.abs,1,1,1,1,1,1,1
math.acos,1,1,1,1,1,1,1
math.asin,1,1,1,1,1,1,1
math.atan,1,1,1,1,1,1,1
math.atan2,1,1,1,1,1,1,1
math.ceil,1,1,1,1,1,1,1
math.cos,1,1,1,1,1,1,1
math.cosh,1,1,1,1,1,1,1
math.deg,1,1,1,1,1,1,1
math.exp,1,1,1,1,1,1,1
math.floor,1,1,1,1,1,1,1
math.fmod,1,1,1,1,1,1,1
math.frexp,1,1,1,1,1,1,1
math.ldexp,1,1,1,1,1,1,1
math.log,1,1,1,1,1,1,1
math.log10,1,1,1,1,1,1,1
math.max,1,1,1,1,1,1,1
math.min,1,1,1,1,1,1,1
math.mod,1,1,1,1,1,1,1
math.modf,1,1,1,1,1,1,1
math.pow,1,1,1,1,1,1,1
math.rad,1,1,1,1,1,1,1
math.random,1,1,1,1,1,1,1
math.randomseed,1,1,1,1,1,1,1
math.sin,1,1,1,1,1,1,1
math.sinh,1,1,1,1,1,1,1
math.sqrt,1,1,1,1,1,1,1
math.tan,1,1,1,1,1,1,1
math.tanh,1,1,1,1,1,1,1
module,1,0,0,1,0,1,1
newproxy,1,1,1,1,1,1,1
next,1,1,1,1,1,1,1
os.clock,1,0,0,1,0,1,1
os.date,1,0,0,1,0,1,1
os.difftime,1,0,0,1,0,1,1
os.execute,1,0,0,1,0,1,1
os.exit,1,0,0,1,0,1,1
os.getenv,1,0,0,1,0,1,1
os.remove,1,0,0,1,0,1,1
os.rename,1,0,0,1,0,1,1
os.setlocale,1,0,0,1,0,1,1
os.time,1,0,0,1,0,1,1
os.tmpname,1,0,0,1,0,1,1
pairs,1,1,1,1,1,1,1
pcall,1,1,1,1,1,1,1
print,1,1,1,1,1,1,1
rawequal,1,1,1,1,1,1,1
rawget,1,1,1,1,1,1,1
rawset,1,1,1,1,1,1,1
require,1,0,0,1,0,1,1
select,1,1,1,1,1,1,1
setfenv,1,1,1,1,1,1,1
setmetatable,1,1,1,1,1,1,1
string.byte,1,1,1,1,1,1,1
string.char,1,1,1,1,1,1,1
string.dump,1,1,1,1,1,1,1
string.find,1,1,1,1,1,1,1
string.format,1,1,1,1,1,1,1
string.gfind,1,1,1,1,1,1,1
string.gmatch,1,1,1,1,1,1,1
string.gsub,1,1,1,1,1,1,1
string.len,1,1,1,1,1,1,1
string.lower,1,1,1,1,1,1,1
string.match,1,1,1,1,1,1,1
string.rep,1,1,1,1,1,1,1
string.reverse,1,1,1,1,1,1,1
string.sub,1,1,1,1,1,1,1
string.upper,1,1,1,1,1,1,1
table.concat,1,1,1,1,1,1,1
table.foreach,1,1,1,1,1,1,1
table.foreachi,1,1,1,1,1,1,1
table.getn,1,1,1,1,1,1,1
table.insert,1,1,1,1,1,1,1
table.maxn,1,1,1,1,1,1,1
table.remove,1,1,1,1,1,1,1
table.setn,1,1,1,1,1,1,1
table.sort,1,1,1,1,1,1,1
tonumber,1,1,1,1,1,1,1
tostring,1,1,1,1,1,1,1
trim,1,0,0,1,0,0,0
type,1,1,1,1,1,1,1
unpack,1,1,1,1,1,1,1
xpcall,1,1,1,1,1,1,1
